SUBJID,AESEQ,AETERM,SEVERITY
S001,1,Fatigue,Severe
S001,2,Dizziness,Mild
S002,1,Dizziness,Mild
S002,2,Headache,Moderate
S002,3,Nausea,Severe
S003,1,Headache,Moderate
S005,1,Nausea,Mild
S005,2,Nausea,Moderate
S005,3,Nausea,Severe
S006,1,Dizziness,Moderate
S007,1,Headache,Severe
S007,2,Nausea,Mild
S009,1,Fatigue,Moderate
S010,1,Fatigue,Severe
S010,2,Fatigue,Mild
S011,1,Headache,Mild
S011,2,Nausea,Moderate
S011,3,Fatigue,Severe
S013,1,Fatigue,Severe
S013,2,Dizziness,Mild
S014,1,Dizziness,Mild
S014,2,Headache,Moderate
S014,3,Nausea,Severe
S015,1,Dizziness,Moderate
S017,1,Fatigue,Mild
S017,2,Dizziness,Moderate
S017,3,Headache,Severe
S018,1,Dizziness,Moderate
S019,1,Headache,Severe
S019,2,Nausea,Mild
S021,1,Fatigue,Moderate
S022,1,Dizziness,Severe
S022,2,Headache,Mild
S023,1,Headache,Mild
S023,2,Nausea,Moderate
S023,3,Fatigue,Severe
S025,1,Nausea,Severe
S025,2,Nausea,Mild
S026,1,Dizziness,Mild
S026,2,Headache,Moderate
S026,3,Nausea,Severe
S027,1,Headache,Moderate
S029,1,Fatigue,Mild
S029,2,Dizziness,Moderate
S029,3,Headache,Severe
S030,1,Fatigue,Moderate
S031,1,Headache,Severe
S031,2,Nausea,Mild
S033,1,Fatigue,Moderate
S034,1,Dizziness,Severe
S034,2,Headache,Mild
S035,1,Dizziness,Mild
S035,2,Dizziness,Moderate
S035,3,Dizziness,Severe
S037,1,Fatigue,Severe
S037,2,Dizziness,Mild
S038,1,Dizziness,Mild
S038,2,Headache,Moderate
S038,3,Nausea,Severe
S039,1,Headache,Moderate
S041,1,Fatigue,Mild
S041,2,Dizziness,Moderate
S041,3,Headache,Severe
S042,1,Dizziness,Moderate
S043,1,Headache,Severe
S043,2,Nausea,Mild
S045,1,Nausea,Moderate
S046,1,Dizziness,Severe
S046,2,Headache,Mild
S047,1,Headache,Mild
S047,2,Nausea,Moderate
S047,3,Fatigue,Severe
S049,1,Fatigue,Severe
S049,2,Dizziness,Mild
S050,1,Fatigue,Mild
S050,2,Fatigue,Moderate
S050,3,Fatigue,Severe
S051,1,Headache,Moderate
S053,1,Fatigue,Mild
S053,2,Dizziness,Moderate
S053,3,Headache,Severe
S054,1,Dizziness,Moderate
S055,1,Dizziness,Severe
S055,2,Dizziness,Mild
S057,1,Fatigue,Moderate
S058,1,Dizziness,Severe
S058,2,Headache,Mild
S059,1,Headache,Mild
S059,2,Nausea,Moderate
S059,3,Fatigue,Severe
S001,1,Fatigue,Severe
