SUBJID,ARM,AGE,SEX,DOSED
S001,Active,29,F,Y
S002,Placebo,36,F,Y
S003,Active,43,M,Y
S004,Placebo,50,F,Y
S005,Active,57,F,Y
S006,Placebo,64,M,Y
S007,Active,71,F,Y
S008,Placebo,28,F,Y
S009,Active,35,M,Y
S010,Placebo,42,F,Y
S011,Active,49,F,N
S012,Placebo,56,M,Y
S013,Active,63,F,Y
S014,Placebo,70,F,Y
S015,Active,27,M,Y
S016,Placebo,34,F,Y
S017,Active,,F,Y
S018,Placebo,48,M,Y
S019,Active,55,F,Y
S020,Placebo,62,F,Y
S021,Active,69,M,Y
S022,Placebo,26,F,Y
S023,Active,33,F,Y
S024,Placebo,40,M,Y
S025,Active,47,F,Y
S026,Placebo,54,F,Y
S027,Active,61,M,Y
S028,Placebo,68,F,Y
S029,Active,25,F,Y
S030,Placebo,32,M,N
S031,Active,39,F,Y
S032,Placebo,46,F,Y
S033,Active,53,M,Y
S034,Placebo,60,F,Y
S035,Active,67,F,Y
S036,Placebo,24,M,Y
S037,Active,31,F,Y
S038,Placebo,38,F,Y
S039,Active,45,M,Y
S040,Placebo,52,F,Y
S041,Active,59,F,N
S042,Placebo,66,M,Y
S043,Active,23,F,Y
S044,Placebo,,F,Y
S045,Active,37,M,Y
S046,Placebo,44,F,Y
S047,Active,51,F,Y
S048,Placebo,58,M,Y
S049,Active,65,F,Y
S050,Placebo,22,F,Y
S051,Active,29,M,Y
S052,Placebo,36,F,Y
S053,Active,43,F,Y
S054,Placebo,50,M,Y
S055,Active,57,F,Y
S056,Placebo,64,F,Y
S057,Active,71,M,Y
S058,Placebo,28,F,Y
S059,Active,35,F,Y
S060,Placebo,42,M,N
